topic,candidate,n
EP-1222910-A2,EP-0172513,1
EP-1222910-A2,EP-0290133,1
EP-1222910-A2,EP-0321872,1
EP-1222910-A2,EP-0443269,1
EP-1222910-A2,EP-0516711,1
EP-1222910-A2,EP-0516751,1
EP-1222910-A2,EP-0566221,1
EP-1222910-A2,EP-0588878,1
EP-1222910-A2,EP-0588950,1
EP-1222910-A2,EP-0609902,1
EP-1222910-A2,EP-0683799,1
EP-1222910-A2,EP-0896043,1
EP-1222910-A2,EP-0973482,1
EP-1222910-A2,WO-1992021632,1
EP-1222910-A2,WO-1993012759,2
EP-1222910-A2,WO-1994018253,1
EP-1222910-A2,WO-1998046198,1
EP-1224915-A1,EP-0577219,1
EP-1224915-A1,EP-0608623,1
EP-1224915-A1,EP-0707829,1
EP-1224915-A1,EP-0955930,2
EP-1224915-A1,EP-1023873,2
EP-1224915-A1,WO-1998029046,2
EP-1229507-A2,WO-1998019259,2
EP-1229507-A2,WO-2002007021,2
EP-1233422-A1,EP-0753859,1
EP-1233422-A1,EP-0753869,1
EP-1233422-A1,EP-0987715,1
EP-1233422-A1,EP-1119004,1
EP-1233422-A1,WO-1990012400,2
EP-1236518-A2,EP-0275015,2
EP-1236518-A2,EP-0530752,1
EP-1236518-A2,WO-1992011094,1
EP-1236903-A2,EP-0368122,2
EP-1236903-A2,EP-0493315,1
EP-1236903-A2,EP-0569455,2
EP-1236903-A2,WO-1992014060,2
EP-1238953-A1,EP-0486336,1
EP-1238953-A1,EP-0685437,1
EP-1238953-A1,EP-0709352,2
EP-1238953-A1,EP-0746532,1
EP-1238953-A1,EP-0850898,2
EP-1238953-A1,EP-0931033,1
EP-1238953-A1,WO-1994018141,1
EP-1238953-A1,WO-1995023122,1
EP-1238953-A1,WO-1998014411,1
EP-1239541-A1,EP-0689261,2
EP-1239541-A1,EP-0803927,1
EP-1239541-A1,EP-1037308,1
EP-1240907-A1,EP-0841849,2
EP-1240907-A1,EP-0854736,1
EP-1240907-A1,EP-0943344,1
EP-1240907-A1,EP-1196203,1
EP-1240907-A1,EP-1250040,2
EP-1240907-A1,WO-1997005907,1
EP-1240907-A1,WO-1997013539,1
EP-1240907-A1,WO-1997038576,2
EP-1240907-A1,WO-2001005442,1
EP-1240907-A1,WO-2001050849,2
EP-1240936-A1,EP-0308532,2
EP-1240936-A1,EP-0405613,1
EP-1240936-A1,EP-0893657,1
EP-1240936-A1,EP-1081445,1
EP-1240936-A1,EP-1089803,2
EP-1240936-A1,WO-1999061135,2
EP-1241136-A2,EP-0754650,2
EP-1241136-A2,EP-0755899,1
EP-1241136-A2,EP-0901986,1
EP-1241136-A2,EP-0966207,2
EP-1241136-A2,WO-1999007237,2
EP-1248067-A1,EP-0569342,2
EP-1248067-A1,EP-0941446,1
EP-1248067-A1,WO-1998025096,1
EP-1249609-A1,EP-0977933,2
EP-1249609-A1,EP-1274941,2
EP-1249609-A1,WO-1998048148,2
EP-1249609-A1,WO-2001079700,2
EP-1249947-A1,EP-0785637,2
EP-1249947-A1,WO-1996035265,2
EP-1253171-A1,EP-0301719,2
EP-1253171-A1,EP-0367835,2
EP-1253171-A1,EP-0507207,2
EP-1253171-A1,EP-0519616,2
EP-1253171-A1,EP-0520257,2
EP-1253171-A1,EP-0663800,2
EP-1253171-A1,EP-0918818,2
EP-1253171-A1,WO-1994007379,2
EP-1253171-A1,WO-1998006779,2
EP-1253416-A2,EP-0246345,2
EP-1253416-A2,EP-0373653,2
EP-1253416-A2,EP-0634638,2
EP-1253416-A2,EP-1039282,2
EP-1253472-A2,EP-0908785,2
EP-1253472-A2,EP-1115035,2
EP-1253472-A2,EP-1156371,2
EP-1253472-A2,WO-1998054621,2
EP-1260688-A2,EP-0482781,1
EP-1260688-A2,EP-0779452,2
EP-1260688-A2,EP-0838607,1
EP-1260955-A2,EP-0311232,1
EP-1260955-A2,EP-0476332,1
EP-1260955-A2,EP-1099739,2
EP-1262633-A1,EP-0287371,2
EP-1262633-A1,EP-0291407,2
EP-1262633-A1,EP-1320662,2
EP-1262633-A1,WO-2002025065,2
EP-1262883-A2,EP-0699940,1
EP-1262883-A2,EP-0990996,2
EP-1262883-A2,EP-1004967,1
EP-1262883-A2,EP-1168304,1
EP-1265206-A2,EP-0372840,1
EP-1265206-A2,EP-0785519,1
EP-1265206-A2,EP-0803705,1
EP-1265206-A2,EP-0805951,1
EP-1265206-A2,EP-0917697,1
EP-1265206-A2,EP-0953954,1
EP-1265206-A2,EP-0959443,1
EP-1265206-A2,EP-0967460,2
EP-1265206-A2,EP-0988508,1
EP-1265206-A2,EP-1301757,1
EP-1265206-A2,WO-1996011380,1
EP-1265206-A2,WO-1998008206,1
EP-1265206-A2,WO-1998057125,1
EP-1265206-A2,WO-1999027681,1
EP-1265206-A2,WO-2001081870,1
EP-1267320-A2,EP-0548051,2
EP-1267320-A2,EP-0704834,2
EP-1267320-A2,EP-0895218,1
EP-1270837-A2,EP-0947637,2
EP-1270837-A2,WO-2000073599,1
EP-1271202-A1,EP-0153243,1
EP-1271202-A1,EP-0926853,1
EP-1271202-A1,EP-1102096,2
EP-1271202-A1,EP-1113302,1
EP-1271202-A1,EP-1206159,1
EP-1271202-A1,EP-1215168,1
EP-1271689-A1,EP-0420739,1
EP-1271689-A1,EP-0497652,1
EP-1271689-A1,EP-0817309,2
EP-1271689-A1,EP-1170823,2
EP-1273261-A1,EP-0897690,2
EP-1273261-A1,EP-0901417,1
EP-1273261-A1,EP-1079732,1
EP-1273261-A1,WO-1997033513,1
EP-1273261-A1,WO-1997045277,1
EP-1273261-A1,WO-1999026530,2
EP-1273261-A1,WO-1999056614,1
EP-1273261-A1,WO-1999059467,1
EP-1273362-A1,EP-0908416,1
EP-1273362-A1,EP-0934489,2
EP-1273362-A1,EP-1021958,1
EP-1273362-A1,EP-1124917,1
EP-1273362-A1,WO-1998017950,2
EP-1273362-A1,WO-2000022069,1
EP-1275482-A1,EP-0589788,2
EP-1275482-A1,EP-0965422,1
EP-1275482-A1,EP-1074365,1
EP-1280195-A2,EP-0678921,1
EP-1280195-A2,EP-0776049,2
EP-1280195-A2,EP-1091408,1
EP-1283561-A1,EP-0546710,1
EP-1283561-A1,EP-1047245,2
EP-1283561-A1,EP-1056157,1
EP-1283561-A1,WO-1998035394,2
EP-1286446-A1,EP-0430795,2
EP-1286446-A1,EP-0431514,2
EP-1286446-A1,EP-0582721,2
EP-1286446-A1,EP-0866540,2
EP-1286446-A1,EP-1249919,1
EP-1286446-A1,WO-1995021484,1
EP-1293376-A1,EP-0448551,2
EP-1293376-A1,EP-1201482,2
EP-1293376-A1,WO-1989010282,2
EP-1293759-A2,EP-0547617,1
EP-1293759-A2,EP-0566708,1
EP-1293759-A2,EP-0604422,1
EP-1293759-A2,EP-0776468,1
EP-1293759-A2,EP-0890826,2
EP-1293759-A2,EP-0972171,1
EP-1293759-A2,WO-1996006338,1
EP-1293759-A2,WO-1996013701,1
EP-1293759-A2,WO-1998044318,1
EP-1295624-A2,EP-0515059,1
EP-1295624-A2,WO-2000069012,2
EP-1301064-A1,EP-0419949,1
EP-1301064-A1,EP-0650317,2
EP-1301064-A1,EP-1121841,1
EP-1301064-A1,EP-1172027,1
EP-1301064-A1,WO-2000021348,1
EP-1301064-A1,WO-2000064230,1
EP-1302416-A1,EP-0611709,1
EP-1302416-A1,EP-0611713,2
EP-1302416-A1,EP-0752280,1
EP-1302744-A2,EP-0298511,1
EP-1302744-A2,EP-0309963,1
EP-1302744-A2,EP-0441020,2
EP-1302744-A2,EP-0638783,1
EP-1302744-A2,EP-0642216,2
EP-1302744-A2,EP-0649002,2
EP-1302744-A2,EP-1085654,1
EP-1302744-A2,EP-1152215,1
EP-1302946-A1,EP-0951019,1
EP-1302946-A1,EP-1005040,1
EP-1302946-A1,EP-1006722,1
EP-1302946-A1,EP-1102485,2
EP-1302946-A1,EP-1154648,2
EP-1302946-A1,WO-1995018523,1
EP-1302956-A1,EP-0840338,1
EP-1302956-A1,EP-0874381,2
EP-1302956-A1,EP-0887822,1
EP-1302956-A1,EP-1131832,2
EP-1302956-A1,WO-2000030136,2
EP-1304210-A1,EP-0222977,1
EP-1304210-A1,EP-0364846,1
EP-1304210-A1,EP-0551818,1
EP-1304210-A1,EP-0926173,1
EP-1304210-A1,WO-1994028093,1
EP-1304210-A1,WO-1995007961,2
EP-1304210-A1,WO-1997008234,1
EP-1304242-A2,EP-0878334,2
EP-1304242-A2,EP-1286845,1
EP-1304242-A2,WO-2001089866,1
EP-1306713-A2,WO-2000012981,2
EP-1306713-A2,WO-2001007939,2
EP-1312365-A1,EP-0429149,2
EP-1312365-A1,WO-2001041807,2
EP-1312569-A2,EP-0712371,2
EP-1312569-A2,EP-1077193,1
EP-1312569-A2,WO-1995003990,2
EP-1314965-A2,EP-0390886,1
EP-1314965-A2,EP-0514081,1
EP-1314965-A2,EP-0657715,1
EP-1314965-A2,EP-0708311,1
EP-1314965-A2,EP-0836077,2
EP-1314965-A2,EP-0836080,1
EP-1314965-A2,EP-1126248,1
EP-1314965-A2,EP-1133674,1
EP-1314965-A2,EP-1207372,1
EP-1314965-A2,WO-1990002956,1
EP-1314965-A2,WO-2000033022,1
EP-1315379-A2,EP-0993193,2
EP-1315379-A2,WO-1999055091,2
EP-1318007-A2,WO-1982003597,2
EP-1321410-A1,EP-0330868,2
EP-1321410-A1,EP-0520944,2
EP-1321410-A1,EP-1057762,1
EP-1321410-A1,EP-1075445,1
EP-1321410-A1,EP-1124747,2
EP-1321410-A1,EP-1193201,1
EP-1321410-A1,WO-1999055609,1
EP-1321410-A1,WO-2000024660,2
EP-1321528-A1,EP-0736606,2
EP-1321528-A1,WO-2001044492,2
EP-1321563-A2,EP-0549467,2
EP-1321563-A2,EP-0897999,1
EP-1321563-A2,EP-0940494,1
EP-1321563-A2,EP-1148169,2
EP-1325943-A2,EP-0904258,1
EP-1325943-A2,EP-1073694,2
EP-1325943-A2,WO-1997023436,1
EP-1325943-A2,WO-1998045241,1
EP-1325943-A2,WO-1999054408,2
EP-1326195-A1,EP-0689161,2
EP-1326195-A1,EP-0693741,2
EP-1326195-A1,EP-0833026,2
EP-1326195-A1,EP-1050839,2
EP-1326195-A1,EP-1099814,1
EP-1327523-A1,EP-0076777,2
EP-1327523-A1,EP-0277545,2
EP-1327523-A1,EP-0295319,2
EP-1327523-A1,EP-0704301,2
EP-1327523-A1,EP-0719641,1
EP-1327523-A1,EP-0782919,2
EP-1327523-A1,EP-0936065,2
EP-1327523-A1,EP-0970807,1
EP-1327523-A1,EP-1020287,2
EP-1327747-A2,EP-0924383,1
EP-1327747-A2,EP-1035302,2
EP-1327747-A2,EP-1068428,2
EP-1327747-A2,EP-1113145,1
EP-1327747-A2,WO-1998035137,2
EP-1329470-A1,EP-0606749,1
EP-1329470-A1,EP-0978522,1
EP-1329470-A1,EP-1174450,2
EP-1329563-A1,EP-0193494,1
EP-1329563-A1,EP-0773324,2
EP-1329563-A1,EP-1113115,1
EP-1331690-A1,EP-0726019,2
EP-1331690-A1,EP-0750827,2
EP-1331690-A1,WO-1995025409,2
EP-1331690-A1,WO-1996007285,2
EP-1331690-A1,WO-2000003487,1
EP-1333155-A1,EP-0924383,1
EP-1333155-A1,EP-0945594,1
EP-1333155-A1,EP-1128024,2
EP-1334882-A1,EP-0249518,1
EP-1334882-A1,EP-0937611,1
EP-1334882-A1,EP-1182095,2
EP-1335284-A1,EP-0866612,2
EP-1335284-A1,EP-1115265,1
EP-1335284-A1,EP-1121806,1
EP-1335284-A1,EP-1131709,1
EP-1335284-A1,EP-1168721,2
EP-1335284-A1,EP-1331560,2
EP-1335284-A1,WO-1997031309,2
EP-1335284-A1,WO-2000022829,1
EP-1335284-A1,WO-2000023887,1
EP-1335284-A1,WO-2002052752,1
EP-1335330-A2,EP-0584499,1
EP-1335330-A2,EP-0694644,1
EP-1335330-A2,EP-0770749,1
EP-1335330-A2,EP-0828049,1
EP-1335330-A2,EP-1001118,2
EP-1335330-A2,EP-1048807,1
EP-1335330-A2,EP-1050643,1
EP-1335330-A2,EP-1052353,1
EP-1335330-A2,EP-1130202,1
EP-1335330-A2,EP-1320652,1
EP-1335330-A2,WO-2002031298,1
EP-1335348-A1,EP-0772067,1
EP-1335348-A1,EP-0829077,1
EP-1335348-A1,EP-0859970,2
EP-1335348-A1,EP-1157371,1
EP-1335348-A1,WO-1996037875,1
EP-1335348-A1,WO-1997017632,2
EP-1335348-A1,WO-1998050821,1
EP-1335348-A1,WO-2000052671,1
EP-1335374-A1,EP-0723266,2
EP-1335374-A1,EP-1206774,2
EP-1335374-A1,WO-2001004905,2
EP-1335475-A1,EP-0752168,1
EP-1335475-A1,EP-0771487,1
EP-1335475-A1,EP-0818869,1
EP-1335475-A1,WO-1995026066,1
EP-1335475-A1,WO-1995026588,1
EP-1335475-A1,WO-2000077918,2
EP-1335547-A1,EP-0669742,2
EP-1335547-A1,WO-1999049624,1
EP-1336468-A2,EP-0323286,2
EP-1336468-A2,EP-0418542,2
EP-1336468-A2,EP-1092657,1
EP-1336468-A2,EP-1105562,1
EP-1336468-A2,EP-1112407,1
EP-1336468-A2,EP-1176087,2
EP-1336468-A2,WO-2000009803,1
EP-1336468-A2,WO-2000014328,1
EP-1336519-A1,EP-1099579,1
EP-1336519-A1,EP-1107873,1
EP-1336519-A1,EP-1157870,2
EP-1336519-A1,WO-2000007837,1
EP-1336651-A1,EP-0794998,2
EP-1336651-A1,EP-1074608,2
EP-1336651-A1,EP-1274826,2
EP-1336651-A1,WO-1996017043,2
EP-1336651-A1,WO-2001048134,2
EP-1336651-A1,WO-2001064326,2
EP-1336651-A1,WO-2001079414,2
EP-1337133-A2,WO-1996003017,1
EP-1337133-A2,WO-2000030413,1
EP-1337133-A2,WO-2001098853,2
EP-1338590-A1,EP-0294388,1
EP-1338590-A1,EP-0546357,1
EP-1338590-A1,EP-0719315,1
EP-1338590-A1,EP-0764714,1
EP-1338590-A1,EP-0764716,1
EP-1338590-A1,EP-0770668,1
EP-1338590-A1,EP-0783032,1
EP-1338590-A1,EP-0811674,1
EP-1338590-A1,EP-0825247,1
EP-1338590-A1,EP-0856575,1
EP-1338590-A1,EP-0874040,1
EP-1338590-A1,EP-0892037,1
EP-1338590-A1,EP-1005516,1
EP-1338590-A1,EP-1041134,1
EP-1338590-A1,EP-1068284,1
EP-1338590-A1,EP-1169421,2
EP-1338590-A1,EP-1203805,1
EP-1338590-A1,WO-1995007966,1
EP-1338590-A1,WO-1996037585,1
EP-1338590-A1,WO-1999028420,1
EP-1338590-A1,WO-1999049005,1
EP-1338590-A1,WO-2000055284,2
EP-1340452-A1,WO-1995032664,2
EP-1340452-A1,WO-2000028887,2
EP-1342674-A2,EP-0307194,2
EP-1342674-A2,EP-0450247,1
EP-1342674-A2,EP-0490822,1
EP-1342674-A2,EP-0607263,1
EP-1342674-A2,EP-0734346,2
EP-1342674-A2,EP-0858956,2
EP-1342674-A2,WO-1993007303,1
EP-1342674-A2,WO-1995016621,2
EP-1345188-A2,EP-0423848,1
EP-1345188-A2,EP-0615264,1
EP-1345188-A2,EP-1261978,1
EP-1345188-A2,WO-2001069617,1
EP-1348371-A1,EP-0745347,2
EP-1348371-A1,EP-0904725,1
EP-1348371-A1,EP-0919179,1
EP-1348371-A1,EP-1018926,1
EP-1348371-A1,EP-1080743,1
EP-1348371-A1,EP-1090581,1
EP-1348371-A1,EP-1159924,1
EP-1348371-A1,WO-1999016341,1
EP-1348876-A1,EP-0840673,2
EP-1348876-A1,EP-0902198,2
EP-1348876-A1,WO-1997003801,2
EP-1352641-A2,EP-0912164,1
EP-1352641-A2,EP-1216684,2
EP-1352641-A2,WO-1998001109,1
EP-1352641-A2,WO-2001085117,1
EP-1355024-A1,EP-0404609,2
EP-1355024-A1,EP-0411972,1
EP-1355024-A1,EP-0556553,1
EP-1355024-A1,EP-0799957,1
EP-1355366-A2,EP-0507090,2
EP-1355366-A2,EP-0528473,2
EP-1355366-A2,WO-1999012219,2
EP-1357169-A2,EP-0153176,1
EP-1357169-A2,EP-0153177,1
EP-1357169-A2,EP-0272889,2
EP-1357169-A2,EP-0513211,1
EP-1357169-A2,EP-0525040,1
EP-1357169-A2,EP-0631590,2
EP-1357169-A2,EP-0663898,2
EP-1357169-A2,EP-0807642,2
EP-1357169-A2,EP-0857776,2
EP-1357169-A2,EP-1088013,2
EP-1357169-A2,WO-1991011488,1
EP-1357169-A2,WO-1991016407,1
EP-1357169-A2,WO-1993019106,2
EP-1357169-A2,WO-1994007842,2
EP-1357169-A2,WO-1999061498,2
EP-1357169-A2,WO-2001062874,2
EP-1357363-A1,EP-0544403,2
EP-1357363-A1,EP-0690314,2
EP-1357363-A1,EP-0763713,2
EP-1357363-A1,EP-1162465,1
EP-1359244-A2,EP-0694644,2
EP-1359244-A2,EP-0814188,2
EP-1359244-A2,EP-1224355,2
EP-1359244-A2,EP-1251759,1
EP-1359244-A2,WO-2001025529,2
EP-1359244-A2,WO-2001047383,1
EP-1362651-A1,EP-0267115,1
EP-1362651-A1,EP-0484588,1
EP-1362651-A1,EP-0586725,1
EP-1362651-A1,EP-0922509,2
EP-1362651-A1,EP-0983808,1
EP-1362651-A1,EP-1103318,1
EP-1362891-A1,EP-0525206,1
EP-1362891-A1,EP-0604949,1
EP-1362891-A1,EP-0746530,2
EP-1362891-A1,EP-1170109,1
EP-1362891-A1,EP-1294784,1
EP-1362891-A1,WO-1995023120,2
EP-1362891-A1,WO-2001096448,1
EP-1366744-A1,EP-0494022,1
EP-1366744-A1,EP-0761199,1
EP-1366744-A1,EP-0952817,1
EP-1366744-A1,WO-1998031334,1
EP-1366744-A1,WO-2001096429,2
EP-1367144-A1,EP-0861919,2
EP-1367144-A1,EP-1043424,1
EP-1367144-A1,EP-1199377,1
EP-1367515-A1,EP-0895626,1
EP-1367515-A1,EP-1205407,1
EP-1367515-A1,WO-1997040459,1
EP-1367515-A1,WO-2000029999,2
EP-1369040-A2,EP-1152665,2
EP-1369040-A2,EP-1250160,2
EP-1369040-A2,WO-2000048469,2
EP-1369040-A2,WO-2001054740,2
EP-1369386-A2,EP-0465043,2
EP-1369386-A2,WO-2000037369,2
EP-1374679-A2,EP-0147207,1
EP-1374679-A2,EP-0252278,1
EP-1374679-A2,EP-0515486,1
EP-1374679-A2,EP-0596493,2
EP-1374679-A2,EP-0953283,1
EP-1374679-A2,EP-0971584,1
EP-1374679-A2,EP-1133320,2
EP-1374679-A2,EP-1276372,2
EP-1374679-A2,WO-1991013059,1
EP-1374679-A2,WO-1998011777,1
EP-1374679-A2,WO-1998037762,1
EP-1374679-A2,WO-2000029038,2
EP-1374679-A2,WO-2001082694,2
EP-1374698-A1,WO-1987002705,1
EP-1374698-A1,WO-2002020431,2
EP-1375640-A1,WO-1987002705,1
EP-1375640-A1,WO-2002020431,2
EP-1375673-A1,EP-1108472,2
EP-1375673-A1,WO-2002009868,1
EP-1376177-A2,EP-0279359,2
EP-1376177-A2,EP-0484996,2
EP-1376177-A2,EP-0580289,2
EP-1376177-A2,EP-0987572,2
EP-1376795-A2,EP-0562766,2
EP-1376795-A2,EP-1236256,2
EP-1376795-A2,WO-2001042046,2
EP-1378590-A1,EP-0360848,1
EP-1378590-A1,EP-0384227,2
EP-1380281-A1,EP-0658609,2
EP-1380281-A1,EP-1305351,2
EP-1380281-A1,WO-2002010243,2
EP-1380281-A1,WO-2002039962,2
EP-1380441-A1,EP-1056672,2
EP-1380441-A1,EP-1136283,1
EP-1380441-A1,WO-1996021904,2
EP-1380441-A1,WO-1999036338,2
EP-1380593-A1,EP-1011706,1
EP-1380593-A1,EP-1305635,2
EP-1380593-A1,WO-1999007402,1
EP-1380593-A1,WO-2000020458,1
EP-1380593-A1,WO-2001092892,2
EP-1382737-A1,EP-0789799,1
EP-1382737-A1,EP-0829573,1
EP-1382737-A1,EP-0886004,2
EP-1382737-A1,EP-0978588,1
EP-1382737-A1,WO-1987002080,1
EP-1382737-A1,WO-1996012065,1
EP-1382890-A1,EP-0566399,2
EP-1382890-A1,EP-0584316,2
EP-1385132-A1,EP-1236185,2
EP-1385132-A1,WO-2001043087,2
EP-1385132-A1,WO-2002017158,1
EP-1387108-A2,EP-0748949,1
EP-1387108-A2,EP-0809039,2
EP-1387108-A2,EP-0875692,1
EP-1391741-A1,EP-0329709,1
EP-1391741-A1,EP-0720539,1
EP-1391741-A1,EP-0833423,2
EP-1391741-A1,WO-1988003657,1
EP-1391741-A1,WO-1995008453,1
EP-1391947-A1,EP-1183745,2
EP-1391947-A1,WO-1997001869,2
EP-1391947-A1,WO-2000057504,2
EP-1392070-A1,EP-0301740,2
EP-1392070-A1,EP-0781065,2
EP-1392070-A1,EP-1130934,2
EP-1394285-A1,EP-0977907,2
EP-1394285-A1,EP-0984876,2
EP-1394285-A1,EP-1165855,2
EP-1394285-A1,WO-1999043865,2
EP-1394285-A1,WO-1999051471,2
EP-1394285-A1,WO-2000053823,2
EP-1394488-A2,EP-0361307,2
EP-1394488-A2,EP-0382963,1
EP-1394488-A2,EP-0747646,1
EP-1394488-A2,EP-1079187,2
EP-1394488-A2,EP-1174666,1
EP-1395085-A2,EP-0594933,1
EP-1395085-A2,EP-0695617,1
EP-1395085-A2,EP-1051059,2
EP-1396259-A2,EP-0550745,2
EP-1396259-A2,EP-0568035,2
EP-1396259-A2,EP-0663202,2
EP-1396259-A2,EP-0847747,2
EP-1396259-A2,EP-1005322,2
EP-1396259-A2,EP-1034776,2
EP-1396259-A2,EP-1067902,2
EP-1396259-A2,EP-1163898,2
EP-1396259-A2,EP-1191041,2
EP-1396259-A2,EP-1299069,2
EP-1396259-A2,EP-1345570,2
EP-1396259-A2,WO-1998042298,2
EP-1396259-A2,WO-1999052499,2
EP-1396259-A2,WO-2002003931,2
EP-1396259-A2,WO-2002047622,2
EP-1396259-A2,WO-2002049586,2
EP-1396952-A1,EP-0554714,1
EP-1396952-A1,EP-0590633,1
EP-1396952-A1,EP-1297645,2
EP-1396952-A1,WO-2001055756,1
EP-1398693-A2,EP-1142309,2
EP-1398693-A2,EP-1194843,2
EP-1398693-A2,WO-2000040005,2
EP-1398693-A2,WO-2001004747,2
EP-1400476-A1,EP-0330068,1
EP-1400476-A1,EP-0841280,2
EP-1400476-A1,WO-2000039016,2
EP-1400956-A2,EP-0654786,1
EP-1400956-A2,EP-0817182,2
EP-1403160-A1,EP-0712708,1
EP-1403160-A1,EP-1072381,2
EP-1403160-A1,EP-1109707,2
EP-1403160-A1,WO-2000012367,2
EP-1404043-A1,EP-0529269,2
EP-1404043-A1,EP-0580652,1
EP-1404043-A1,EP-0748085,2
EP-1404043-A1,EP-1062831,2
EP-1404043-A1,WO-1992019059,1
EP-1404043-A1,WO-1999046745,2
EP-1404043-A1,WO-2000028776,2
EP-1404043-A1,WO-2002047321,1
EP-1404079-A2,EP-1002405,2
EP-1404079-A2,EP-1049302,1
EP-1404079-A2,EP-1061705,1
EP-1404079-A2,EP-1416694,1
EP-1404079-A2,EP-1505787,1
EP-1404079-A2,WO-1999008427,2
EP-1405604-A1,EP-0397980,2
EP-1405604-A1,EP-0538659,2
EP-1408202-A2,EP-0594462,2
EP-1408202-A2,EP-0594463,2
EP-1408202-A2,EP-1063407,2
EP-1408202-A2,EP-1136661,2
EP-1408512-A1,EP-0378538,2
EP-1408512-A1,EP-1046993,2
EP-1416089-A1,EP-0937817,1
EP-1416089-A1,EP-0952252,1
EP-1416089-A1,EP-1121491,2
EP-1416089-A1,WO-2000023652,2
EP-1422866-A1,EP-0885504,1
EP-1422866-A1,EP-1188154,2
EP-1422866-A1,WO-1997033404,1
EP-1422866-A1,WO-2000079494,2
EP-1424058-A1,EP-0471054,2
EP-1424058-A1,EP-0775481,2
EP-1424058-A1,EP-0987002,1
EP-1424058-A1,EP-0998905,1
EP-1424058-A1,EP-1080713,1
EP-1424058-A1,EP-1201222,1
EP-1424381-A2,EP-1061112,2
EP-1424381-A2,EP-1775335,2
EP-1424731-A2,EP-0540451,1
EP-1424814-A1,EP-0560886,1
EP-1424814-A1,EP-0723351,1
EP-1424814-A1,WO-1992010041,1
EP-1424814-A1,WO-2000001080,2
EP-1426592-A2,EP-0743429,2
EP-1426592-A2,EP-0758713,1
EP-1426592-A2,EP-1172531,1
EP-1426592-A2,EP-1172532,1
EP-1426592-A2,EP-1296050,1
EP-1428516-A1,EP-1276451,2
EP-1428516-A1,WO-2000076467,1
EP-1428516-A1,WO-2001097759,2
EP-1428517-A1,EP-0966253,2
EP-1428517-A1,EP-1292266,2
EP-1428517-A1,EP-1326579,2
EP-1428517-A1,WO-1999015140,2
EP-1428517-A1,WO-2001097756,2
EP-1428517-A1,WO-2002032386,2
EP-1440706-A1,EP-0565045,2
EP-1440706-A1,EP-1104322,1
EP-1440706-A1,WO-2000009193,1
EP-1440986-A1,EP-0260050,1
EP-1440986-A1,EP-0735053,1
EP-1440986-A1,EP-0800860,1
EP-1440986-A1,EP-0926162,2
EP-1440986-A1,EP-1319029,1
EP-1440986-A1,EP-1353963,1
EP-1440986-A1,WO-2002022695,1
EP-1440986-A1,WO-2002048209,1
EP-1442759-A1,EP-0302861,1
EP-1442759-A1,EP-0346784,1
EP-1442759-A1,EP-0486681,1
EP-1442759-A1,EP-0578338,1
EP-1442759-A1,EP-0687343,1
EP-1442759-A1,EP-0688399,1
EP-1442759-A1,EP-0801576,1
EP-1442759-A1,EP-0885619,1
EP-1442759-A1,EP-0914048,1
EP-1442759-A1,EP-1280458,2
EP-1442759-A1,WO-1994012223,1
EP-1442759-A1,WO-1995014172,1
EP-1442759-A1,WO-1995017604,1
EP-1442759-A1,WO-1998030122,1
EP-1442759-A1,WO-1998033534,1
EP-1442759-A1,WO-1999045995,1
EP-1442759-A1,WO-2000021590,1
EP-1442759-A1,WO-2001085029,2
EP-1443219-A1,EP-0462432,2
EP-1443219-A1,EP-0535085,1
EP-1443219-A1,EP-0643814,2
EP-1443219-A1,EP-0670012,1
EP-1443219-A1,EP-0894983,1
EP-1443219-A1,EP-0947901,2
EP-1443219-A1,WO-1991010070,1
EP-1443219-A1,WO-1991019907,1
EP-1443807-A2,EP-0621743,2
EP-1443807-A2,EP-0677982,2
EP-1443807-A2,EP-0763312,1
EP-1443807-A2,EP-1049361,1
EP-1443807-A2,WO-1996031097,1
EP-1443807-A2,WO-2000040060,2
EP-1447491-A1,EP-0678141,1
EP-1447491-A1,EP-0853167,2
EP-1447491-A1,WO-1994016168,1
EP-1447856-A2,EP-0389533,1
EP-1447856-A2,EP-0448607,1
EP-1447856-A2,EP-0495787,1
EP-1447856-A2,EP-0622858,1
EP-1447856-A2,EP-0734593,1
EP-1447856-A2,EP-0803916,2
EP-1447856-A2,EP-1042544,1
EP-1447856-A2,WO-1995017019,1
EP-1447856-A2,WO-1999031306,1
EP-1447856-A2,WO-2000021144,1
EP-1447856-A2,WO-2002037579,1
EP-1452479-A1,EP-0355490,2
EP-1452479-A1,EP-0740166,1
EP-1452479-A1,EP-0921089,2
EP-1452479-A1,EP-0921091,2
EP-1452479-A1,EP-0921092,2
EP-1452479-A1,EP-0921093,2
EP-1452479-A1,EP-0921096,2
EP-1452479-A1,EP-1038823,1
EP-1452691-A1,EP-0531202,1
EP-1452691-A1,EP-0698723,2
EP-1452691-A1,EP-1106787,2
EP-1452934-A2,EP-0422757,1
EP-1452934-A2,EP-0461557,2
EP-1452934-A2,EP-0624014,2
EP-1452934-A2,EP-0635790,1
EP-1452934-A2,EP-1267517,1
EP-1453341-A2,EP-1112624,2
EP-1453341-A2,EP-1128573,1
EP-1453341-A2,EP-1187165,1
EP-1453341-A2,WO-2000014900,2
EP-1453341-A2,WO-2000057658,2
EP-1455163-A2,EP-0865014,2
EP-1455163-A2,EP-0905662,2
EP-1455163-A2,EP-1071075,2
EP-1455163-A2,EP-1197951,2
EP-1459736-A1,WO-1998052530,2
EP-1459736-A1,WO-1999047114,1
EP-1462092-A1,EP-0695162,2
EP-1462092-A1,EP-1028701,1
EP-1462092-A1,EP-1292263,1
EP-1462092-A1,WO-1999008650,1
EP-1462092-A1,WO-2001097755,1
EP-1462310-A2,EP-0686102,2
EP-1462310-A2,EP-0861753,2
EP-1462310-A2,EP-1054422,1
EP-1462320-A2,EP-0838377,1
EP-1462320-A2,EP-1172263,1
EP-1462320-A2,EP-1219502,2
EP-1462320-A2,EP-1219503,1
EP-1462320-A2,EP-1219508,1
EP-1462320-A2,EP-1272378,2
EP-1462320-A2,EP-1334011,1
EP-1462320-A2,WO-2001079034,2
EP-1462320-A2,WO-2002038422,1
EP-1462495-A1,EP-0626276,2
EP-1462495-A1,EP-0819737,2
EP-1462495-A1,EP-0914393,2
EP-1462495-A1,EP-0964036,2
EP-1462495-A1,EP-1002663,2
EP-1462495-A1,EP-1029898,1
EP-1462495-A1,EP-1146097,2
EP-1462495-A1,WO-1998004641,2
EP-1464539-A2,EP-0459187,1
EP-1464539-A2,EP-0679553,2
EP-1464539-A2,EP-1092880,1
EP-1465463-A1,EP-0574439,2
EP-1465463-A1,WO-1992016086,2
EP-1465463-A1,WO-2001081166,2
EP-1468622-A1,EP-1208022,2
EP-1468622-A1,WO-2000035719,2
EP-1468622-A1,WO-2001015942,2
EP-1470825-A1,EP-0429611,1
EP-1470825-A1,EP-0828703,1
EP-1470825-A1,EP-1005356,2
EP-1470825-A1,WO-1996037457,1
EP-1470825-A1,WO-1999063929,2
EP-1470825-A1,WO-1999063937,2
EP-1470825-A1,WO-1999063940,2
EP-1470825-A1,WO-1999063988,2
EP-1470825-A1,WO-1999064033,2
EP-1470825-A1,WO-1999064037,2
EP-1470825-A1,WO-1999064047,2
EP-1470825-A1,WO-1999064048,2
EP-1470825-A1,WO-1999064049,2
EP-1470825-A1,WO-1999064051,2
EP-1470825-A1,WO-1999064054,2
EP-1471127-A1,EP-0437916,1
EP-1471127-A1,EP-1157073,2
EP-1471127-A1,EP-1272283,2
EP-1471127-A1,WO-2000047684,2
EP-1471127-A1,WO-2001070894,2
EP-1473152-A1,EP-0723501,1
EP-1473152-A1,EP-0888218,1
EP-1473152-A1,EP-0888239,1
EP-1473152-A1,EP-0888240,1
EP-1473152-A1,EP-1023501,1
EP-1473152-A1,WO-1995010420,1
EP-1473152-A1,WO-1995027598,2
EP-1473152-A1,WO-1997035721,1
EP-1473152-A1,WO-1997035794,1
EP-1473152-A1,WO-1997035795,1
EP-1473152-A1,WO-1999014433,1
EP-1473152-A1,WO-2001087218,1
EP-1473684-A1,EP-1169873,2
EP-1473684-A1,WO-2001024551,2
EP-1473684-A1,WO-2001073622,2
EP-1475100-A1,EP-0597101,1
EP-1475100-A1,EP-0628639,1
EP-1475100-A1,EP-0852951,1
EP-1475100-A1,EP-0865793,1
EP-1475100-A1,EP-0907378,1
EP-1475100-A1,EP-0911037,1
EP-1475100-A1,EP-0941121,1
EP-1475100-A1,EP-0960936,1
EP-1475100-A1,EP-0967995,1
EP-1475100-A1,EP-0999853,1
EP-1475100-A1,EP-1174148,2
EP-1475100-A1,EP-1314437,1
EP-1475100-A1,EP-1516628,1
EP-1475100-A1,WO-1997004801,1
EP-1475100-A1,WO-1997045140,1
EP-1475100-A1,WO-1998022136,1
EP-1475100-A1,WO-1998042376,1
EP-1475100-A1,WO-1998056418,1
EP-1475142-A1,EP-0662341,2
EP-1475142-A1,WO-2002045827,2
EP-1475593-A2,EP-0487829,1
EP-1475593-A2,EP-0624443,2
EP-1475593-A2,EP-0626244,2
EP-1477812-A2,EP-0359249,1
EP-1477812-A2,WO-2001019520,2
EP-1478177-A1,EP-0863506,1
EP-1478177-A1,EP-1081697,2
EP-1478177-A1,EP-1156486,2
EP-1479285-A1,EP-0434781,2
EP-1479285-A1,EP-0826300,1
EP-1482464-A1,EP-0345878,2
EP-1482464-A1,EP-0838792,2
EP-1482464-A1,EP-1271442,1
EP-1486836-A1,EP-0377330,2
EP-1486836-A1,EP-0545994,1
EP-1486836-A1,EP-0680232,2
EP-1486836-A1,EP-0772107,2
EP-1486836-A1,WO-1991014324,2
EP-1486836-A1,WO-1992003881,1
EP-1488780-A1,EP-1244421,2
EP-1488780-A1,WO-2001047484,2
EP-1488780-A1,WO-2002046165,2
EP-1488782-A1,EP-0375977,1
EP-1488782-A1,WO-2002046165,2
EP-1493425-A1,EP-0515768,2
EP-1493425-A1,EP-0723772,2
EP-1493425-A1,EP-0727202,2
EP-1493425-A1,WO-2001021148,2
EP-1496205-A1,EP-0258754,1
EP-1496205-A1,EP-0919698,2
EP-1496205-A1,EP-0974733,2
EP-1496205-A1,EP-0990771,1
EP-1496205-A1,EP-1164250,1
EP-1505261-A1,EP-0492865,1
EP-1505261-A1,EP-0541325,2
EP-1505261-A1,EP-0892153,2
EP-1510304-A1,EP-0325326,1
EP-1510304-A1,EP-0440980,1
EP-1510304-A1,WO-1998025734,1
EP-1512569-A1,EP-1040023,1
EP-1512569-A1,EP-1118489,2
EP-1512569-A1,WO-2000017001,1
EP-1514492-A1,EP-1044625,1
EP-1514492-A1,EP-1086904,2
EP-1514492-A1,EP-1205125,2
EP-1514492-A1,EP-1205126,2
EP-1514761-A1,EP-0534577,1
EP-1514761-A1,EP-0613259,1
EP-1514761-A1,EP-0650429,1
EP-1514761-A1,EP-1094962,1
EP-1514761-A1,EP-1216180,1
EP-1514761-A1,WO-1994026571,1
EP-1514761-A1,WO-2000002758,1
EP-1514761-A1,WO-2001023238,1
EP-1518540-A1,EP-0039806,1
EP-1518540-A1,WO-2001041717,2
EP-1519633-A1,EP-0184069,2
EP-1519633-A1,EP-0196214,2
EP-1519633-A1,EP-0463208,1
EP-1519633-A1,EP-0737024,2
EP-1522642-A1,EP-0399320,1
EP-1522642-A1,EP-0583791,2
EP-1522642-A1,EP-0819102,2
EP-1522642-A1,EP-1157974,1
EP-1522642-A1,EP-1182177,2
EP-1522642-A1,WO-1997029057,2
EP-1522861-A1,EP-1014092,2
EP-1522861-A1,WO-2001010689,2
EP-1525830-A2,EP-0276098,2
EP-1525830-A2,EP-0567110,1
EP-1525830-A2,EP-0882420,1
EP-1528175-A1,EP-1215346,2
EP-1528175-A1,WO-1999055978,1
EP-1529797-A1,EP-0035835,1
EP-1529797-A1,EP-0144948,1
EP-1529797-A1,EP-0156464,1
EP-1529797-A1,EP-0283164,1
EP-1529797-A1,EP-0296620,1
EP-1529797-A1,EP-0321473,1
EP-1529797-A1,EP-0349960,1
EP-1529797-A1,EP-0379190,1
EP-1529797-A1,EP-0407870,1
EP-1529797-A1,EP-0422035,1
EP-1529797-A1,EP-0455632,1
EP-1529797-A1,EP-0485893,1
EP-1529797-A1,EP-0503422,1
EP-1529797-A1,EP-0724947,1
EP-1529797-A1,EP-0849075,1
EP-1529797-A1,EP-0976548,1
EP-1529797-A1,EP-1007440,1
EP-1529797-A1,EP-1068949,1
EP-1529797-A1,EP-1176005,2
EP-1529797-A1,EP-1197326,1
EP-1529797-A1,EP-1197327,1
EP-1529797-A1,EP-1197328,1
EP-1529797-A1,EP-1215227,1
EP-1529797-A1,EP-1261481,1
EP-1529797-A1,EP-1274575,1
EP-1529797-A1,EP-1274576,1
EP-1529797-A1,EP-1322468,2
EP-1529797-A1,WO-1994013476,1
EP-1529797-A1,WO-1994013481,1
EP-1529797-A1,WO-1996019333,1
EP-1529797-A1,WO-1998040287,1
EP-1529797-A1,WO-2001053087,1
EP-1529797-A1,WO-2001053089,1
EP-1529797-A1,WO-2001053090,1
EP-1529797-A1,WO-2002026493,2
EP-1531112-A1,EP-0527665,1
EP-1531112-A1,EP-0736414,2
EP-1531112-A1,EP-1017036,1
EP-1531112-A1,EP-1049051,2
EP-1531112-A1,EP-1087360,2
EP-1533001-A1,EP-0515319,1
EP-1533001-A1,EP-0565909,2
EP-1533001-A1,EP-0655260,1
EP-1533001-A1,EP-1142608,1
EP-1533499-A1,EP-0924416,2
EP-1533499-A1,EP-0953755,1
EP-1533499-A1,EP-1117915,2
EP-1533499-A1,WO-2000020743,2
EP-1533600-A1,EP-0453344,1
EP-1533600-A1,EP-0871014,1
EP-1533600-A1,EP-0929795,1
EP-1533600-A1,EP-1017966,1
EP-1533600-A1,EP-1017967,2
EP-1533600-A1,EP-1102995,1
EP-1533600-A1,EP-1167927,1
EP-1533600-A1,EP-1202035,1
EP-1533600-A1,WO-1998014756,1
EP-1533600-A1,WO-1999017081,1
EP-1533600-A1,WO-1999017082,2
EP-1533600-A1,WO-2000062020,1
EP-1533600-A1,WO-2000075673,1
EP-1533600-A1,WO-2001001096,1
EP-1536246-A1,EP-0199447,2
EP-1536246-A1,EP-0335132,2
EP-1536246-A1,EP-0800054,1
EP-1536246-A1,EP-0970390,2
EP-1536246-A1,EP-1004844,1
EP-1536246-A1,WO-1998043111,2
EP-1536246-A1,WO-2001088564,1
EP-1541533-A1,EP-0579657,2
EP-1543817-A1,EP-1343457,2
EP-1543817-A1,WO-2001097773,2
EP-1543817-A1,WO-2002047608,2
EP-1544447-A2,EP-0365714,2
EP-1544447-A2,EP-1064456,1
EP-1544447-A2,EP-1228304,1
EP-1544447-A2,EP-1348072,2
EP-1544447-A2,WO-2000031398,1
EP-1544447-A2,WO-2001031184,1
EP-1544447-A2,WO-2001040638,2
EP-1544447-A2,WO-2002048532,2
EP-1545107-A1,EP-1349357,2
EP-1545107-A1,WO-2000026816,2
EP-1548398-A1,EP-0447713,2
EP-1548398-A1,EP-0486713,1
EP-1548398-A1,EP-0759147,1
EP-1548398-A1,EP-0890078,2
EP-1548398-A1,EP-1144945,2
EP-1548398-A1,WO-1995030877,1
EP-1548398-A1,WO-1997036145,2
EP-1548398-A1,WO-1998014751,1
EP-1548398-A1,WO-2000037885,2
EP-1548594-A1,EP-0414729,1
EP-1548594-A1,EP-0420425,1
EP-1548594-A1,EP-0672985,1
EP-1548594-A1,EP-0695443,1
EP-1548594-A1,EP-0786111,1
EP-1548594-A1,EP-0881560,1
EP-1548594-A1,EP-0902370,2
EP-1548594-A1,EP-0981091,1
EP-1548594-A1,EP-1065585,1
EP-1548594-A1,EP-1071993,1
EP-1548594-A1,EP-1170657,1
EP-1548594-A1,EP-1209427,1
EP-1548594-A1,WO-1994025919,1
EP-1548594-A1,WO-1996012232,1
EP-1548594-A1,WO-1996042019,1
EP-1548594-A1,WO-2000049500,1
EP-1548594-A1,WO-2001040952,1
EP-1548594-A1,WO-2001067247,1
EP-1548594-A1,WO-2002031696,1
EP-1548833-A1,EP-1017100,2
EP-1548833-A1,EP-1144198,2
EP-1548833-A1,WO-2000038234,2
EP-1548833-A1,WO-2000041892,2
EP-1549085-A2,EP-0969678,2
EP-1549085-A2,WO-2000042786,1
EP-1555707-A1,WO-2000045447,1
EP-1555768-A1,EP-0572171,1
EP-1555768-A1,EP-1009124,2
EP-1555768-A1,EP-1223702,2
EP-1564434-A1,EP-0544633,2
EP-1564434-A1,EP-0702165,2
EP-1564434-A1,EP-0878574,2
EP-1566776-A1,EP-0609156,1
EP-1566776-A1,EP-1297501,2
EP-1566776-A1,WO-2001099064,2
EP-1568711-A1,EP-0391416,2
EP-1568711-A1,EP-1261629,2
EP-1568711-A1,WO-2001066566,2
EP-1578175-A1,EP-0961330,1
EP-1578175-A1,EP-1162674,1
EP-1578175-A1,WO-1999048160,2
EP-1580586-A1,EP-1027624,2
EP-1580586-A1,EP-1207414,2
EP-1580586-A1,EP-1207415,2
EP-1580586-A1,EP-1244927,2
EP-1580586-A1,WO-1999022262,2
EP-1580586-A1,WO-2001044854,2
EP-1580704-A2,EP-1093643,1
EP-1580704-A2,WO-1996038813,2
EP-1580704-A2,WO-2000041145,1
EP-1582171-A1,EP-0801929,2
EP-1582171-A1,WO-1998037819,2
EP-1582568-A1,EP-0407952,2
EP-1582568-A1,EP-1129145,2
EP-1582568-A1,WO-2000011091,2
EP-1583051-A1,EP-0456548,2
EP-1583051-A1,WO-1997005551,1
EP-1584385-A1,EP-0610706,2
EP-1584385-A1,EP-1250968,2
EP-1586240-A1,EP-0943242,2
EP-1586240-A1,EP-1008309,2
EP-1586240-A1,EP-1056345,2
EP-1586240-A1,EP-1181867,2
EP-1586240-A1,WO-1999043213,2
EP-1587044-A2,EP-0651119,2
EP-1587044-A2,EP-0671528,2
EP-1587044-A2,EP-0808972,2
EP-1587044-A2,EP-0813644,2
EP-1587044-A2,EP-1145197,2
EP-1587044-A2,EP-1182621,2
EP-1587044-A2,WO-1997025502,2
EP-1587044-A2,WO-1999060530,2
EP-1587044-A2,WO-2002031778,2
EP-1587214-A2,EP-0204897,2
EP-1587214-A2,EP-0531945,1
EP-1587214-A2,EP-1289149,1
EP-1588792-A2,EP-0966337,1
EP-1588792-A2,EP-1157771,2
EP-1588792-A2,WO-1998041352,1
EP-1595596-A1,EP-1147808,2
EP-1595596-A1,WO-2000053307,2
EP-1601015-A1,EP-0508717,2
EP-1601015-A1,EP-0565053,2
EP-1601015-A1,EP-0811262,2
EP-1601015-A1,EP-0962048,1
EP-1601015-A1,EP-0975089,2
EP-1601015-A1,EP-1113496,2
EP-1601015-A1,WO-1996026560,2
EP-1601015-A1,WO-1998037627,1
EP-1604688-A1,EP-0969862,2
EP-1604688-A1,EP-1083232,1
EP-1604688-A1,EP-1301614,2
EP-1604688-A1,EP-1541690,1
EP-1604688-A1,WO-1997048370,2
EP-1604688-A1,WO-1998034640,2
EP-1604688-A1,WO-1999014346,1
EP-1604688-A1,WO-1999020766,1
EP-1604688-A1,WO-1999020774,1
EP-1604688-A1,WO-2001004313,1
EP-1604688-A1,WO-2002008435,2
EP-1605134-A2,EP-0474560,2
EP-1605134-A2,EP-1149249,1
EP-1605134-A2,EP-1213483,1
EP-1605134-A2,WO-2001038753,1
EP-1605158-A2,EP-1045136,2
EP-1605158-A2,EP-1120554,2
EP-1605158-A2,EP-1313940,1
EP-1605158-A2,WO-2002018775,1
EP-1607542-A1,EP-0681633,2
EP-1607542-A1,EP-1160390,2
EP-1607542-A1,EP-1203851,1
EP-1607542-A1,WO-1995015423,2
EP-1609796-A1,EP-0285178,1
EP-1609796-A1,EP-0576519,1
EP-1609796-A1,EP-0714284,1
EP-1609796-A1,EP-1186688,2
EP-1609796-A1,WO-1992017212,1
EP-1609796-A1,WO-1995005155,1
EP-1610122-A1,EP-0635719,2
EP-1610122-A1,EP-0852721,1
EP-1610122-A1,WO-1997013144,1
EP-1612155-A1,EP-0539501,2
EP-1612155-A1,EP-0673845,1
EP-1612155-A1,WO-1992001607,2
EP-1616963-A2,EP-1096011,2
EP-1616963-A2,WO-2000003009,1
EP-1616963-A2,WO-2000058478,2
EP-1621843-A1,EP-0983476,2
EP-1621843-A1,WO-1998028587,2
EP-1621843-A1,WO-1998053266,2
EP-1621954-A1,EP-0125991,2
EP-1621954-A1,EP-0246968,1
EP-1621954-A1,EP-0509969,1
EP-1621954-A1,EP-1205956,2
EP-1621954-A1,EP-1215556,2
EP-1634580-A1,EP-0080976,1
EP-1634580-A1,EP-0210041,2
EP-1634580-A1,EP-0250093,2
EP-1634580-A1,EP-0412704,1
EP-1634580-A1,EP-0412707,1
EP-1634580-A1,EP-0412771,2
EP-1634580-A1,EP-0511092,2
EP-1634580-A1,EP-0582152,2
EP-1634580-A1,EP-0619111,2
EP-1634580-A1,EP-0637600,2
EP-1634580-A1,EP-0639969,2
EP-1634580-A1,EP-0648485,2
EP-1634580-A1,EP-0656021,2
EP-1634580-A1,EP-0705297,2
EP-1634580-A1,EP-0751162,2
EP-1634580-A1,EP-0814764,2
EP-1634580-A1,EP-0878184,1
EP-1634580-A1,EP-0993337,2
EP-1634580-A1,EP-1132076,2
EP-1634580-A1,WO-1993023009,2
EP-1634580-A1,WO-1993023446,2
EP-1634580-A1,WO-1995000578,2
EP-1634580-A1,WO-1997025021,2
EP-1634580-A1,WO-1999000187,2
EP-1635280-A1,EP-0965857,1
EP-1635280-A1,EP-1016877,2
EP-1635280-A1,EP-1018692,2
EP-1635485-A1,EP-0863627,2
EP-1635485-A1,EP-1121605,1
EP-1635485-A1,WO-2000023817,1
EP-1637942-A1,EP-0369242,1
EP-1637942-A1,EP-0509959,1
EP-1637942-A1,EP-1286233,2
EP-1638353-A1,EP-1148748,2
EP-1638353-A1,WO-1998030051,2
EP-1640828-A1,EP-0664027,2
EP-1640828-A1,EP-1131686,2
EP-1640828-A1,WO-1995000903,2
EP-1640828-A1,WO-2000029917,2
EP-1641178-A1,EP-0443103,2
EP-1641178-A1,EP-0604167,1
EP-1642826-A1,EP-0597624,2
EP-1642826-A1,WO-1983001237,2
EP-1645472-A1,EP-0771683,1
EP-1645472-A1,EP-1296853,2
EP-1645472-A1,WO-2002002373,2
EP-1647694-A1,EP-0719929,1
EP-1647694-A1,EP-0802315,1
EP-1647694-A1,EP-0892163,1
EP-1647694-A1,EP-1049861,1
EP-1647694-A1,EP-1143131,2
EP-1647694-A1,WO-1999036689,1
EP-1655829-A2,EP-0167158,1
EP-1655829-A2,EP-0662266,1
EP-1655829-A2,EP-0685927,1
EP-1655829-A2,EP-0848489,1
EP-1655829-A2,EP-0935336,2
EP-1655829-A2,EP-0974483,1
EP-1655829-A2,WO-1994007301,1
EP-1655829-A2,WO-2000008747,2
EP-1669824-A1,EP-0424664,1
EP-1669824-A1,EP-0800671,2
EP-1669824-A1,EP-1193949,1
EP-1669824-A1,EP-1220094,1
EP-1669824-A1,WO-1996021178,2
EP-1679163-A1,EP-0446702,2
EP-1679163-A1,EP-0641632,2
EP-1679163-A1,EP-0886565,2
EP-1679163-A1,EP-1068053,1
EP-1679163-A1,WO-1997030829,2
EP-1679163-A1,WO-1999051405,1
EP-1681040-A1,EP-0440618,2
EP-1681040-A1,WO-2001047451,1
EP-1688682-A1,EP-0178416,1
EP-1688682-A1,EP-0985895,1
EP-1688682-A1,EP-1026454,2
EP-1688682-A1,EP-1342804,1
EP-1688682-A1,WO-2001044727,1
EP-1690466-A1,EP-0740912,2
EP-1690466-A1,WO-1996034546,1
EP-1690938-A1,EP-0895546,2
EP-1690938-A1,WO-1998031840,2
EP-1690938-A1,WO-2002004620,1
EP-1698958-A1,EP-0407060,1
EP-1698958-A1,EP-1305708,2
EP-1698958-A1,WO-1998029813,1
EP-1698958-A1,WO-2002093365,2
EP-1701438-A2,EP-0401919,2
EP-1701438-A2,EP-0913945,1
EP-1701438-A2,EP-0998022,2
EP-1703105-A1,EP-1086304,1
EP-1703105-A1,EP-1174598,2
EP-1703105-A1,WO-2000060228,1
EP-1703690-A1,EP-0977457,2
EP-1703690-A1,EP-1256039,1
EP-1703690-A1,WO-2001023974,1
EP-1705165-A1,EP-0964837,2
EP-1705165-A1,EP-1015397,2
EP-1705165-A1,EP-1255706,1
EP-1705165-A1,WO-1998031645,2
EP-1705165-A1,WO-1998039266,2
EP-1705165-A1,WO-2001034532,2
EP-1705165-A1,WO-2001058822,1
EP-1705295-A2,EP-0536247,2
EP-1712216-A1,EP-0596920,1
EP-1712216-A1,EP-0609653,1
EP-1712216-A1,EP-0814726,2
EP-1712216-A1,WO-1992008419,1
EP-1712216-A1,WO-1993002631,1
EP-1712216-A1,WO-1996029024,2
EP-1717429-A1,EP-0730706,2
EP-1717429-A1,WO-1995014853,2
EP-1717438-A1,EP-0987430,2
EP-1717438-A1,WO-2000017944,2
EP-1717497-A1,EP-0676548,1
EP-1717497-A1,EP-0979938,1
EP-1717497-A1,EP-1343991,2
EP-1717497-A1,WO-2002044600,2
EP-1719420-A1,EP-0643635,2
EP-1719420-A1,EP-0728525,1
EP-1721502-A1,EP-0170605,1
EP-1721502-A1,EP-0330920,1
EP-1721502-A1,EP-0384132,1
EP-1721502-A1,EP-0489674,1
EP-1721502-A1,EP-0611264,1
EP-1721502-A1,EP-0820689,2
EP-1721502-A1,EP-0981939,1
EP-1721502-A1,EP-1208733,1
EP-1729051-A1,EP-1269064,2
EP-1729051-A1,WO-1980001711,1
EP-1729051-A1,WO-2001073335,2
EP-1738849-A1,EP-0934788,2
EP-1738849-A1,EP-1239984,1
EP-1738849-A1,WO-2001045883,1
EP-1738982-A1,EP-0803420,2
EP-1738982-A1,EP-1080001,2
EP-1738982-A1,WO-1999062748,2
EP-1741940-A1,EP-1266137,1
EP-1741940-A1,EP-1266148,2
EP-1741940-A1,WO-2001069081,1
EP-1741940-A1,WO-2001071206,2
EP-1746769-A1,EP-0948165,2
EP-1746769-A1,EP-1093312,2
EP-1746769-A1,EP-1130850,2
EP-1746769-A1,EP-1672835,2
EP-1746769-A1,EP-1672836,2
EP-1749515-A1,EP-0605951,2
EP-1749515-A1,EP-1125573,2
EP-1752786-A1,EP-0835455,2
EP-1752786-A1,WO-1995034850,1
EP-1752786-A1,WO-1997002495,2
EP-1755002-A2,EP-0102450,2
EP-1755002-A2,EP-0215453,2
EP-1755002-A2,EP-0233567,1
EP-1755002-A2,EP-0255486,2
EP-1755002-A2,EP-0279210,2
EP-1755002-A2,EP-0297442,1
EP-1755002-A2,EP-0297443,1
EP-1755002-A2,EP-0318893,2
EP-1755002-A2,EP-0331413,2
EP-1755002-A2,EP-0334338,2
EP-1755002-A2,EP-0370693,1
EP-1755002-A2,EP-0390214,1
EP-1755002-A2,EP-0393348,2
EP-1755002-A2,EP-0415392,2
EP-1755002-A2,EP-0520364,2
EP-1755002-A2,EP-0770494,2
EP-1755002-A2,EP-1061418,2
EP-1755002-A2,EP-1091253,2
EP-1759983-A1,EP-0455688,2
EP-1759983-A1,EP-0963184,2
EP-1759983-A1,EP-1235710,2
EP-1759983-A1,WO-1990008692,2
EP-1759983-A1,WO-1997048355,2
EP-1759983-A1,WO-2001040050,2
EP-1777244-A1,EP-0865893,2
EP-1777244-A1,WO-2000047387,1
EP-1777269-A1,EP-0850893,2
EP-1777269-A1,WO-1997033922,2
EP-1777269-A1,WO-1997038054,2
EP-1780178-A2,EP-0495019,2
EP-1780178-A2,WO-1998034880,2
EP-1780232-A1,EP-0686662,1
EP-1780232-A1,EP-0825219,2
EP-1780232-A1,EP-1081548,2
EP-1780232-A1,WO-2002000759,2
EP-1784071-A1,EP-0264243,2
EP-1784071-A1,EP-1202833,2
EP-1784071-A1,WO-2001007195,2
EP-1785850-A2,EP-0528631,2
EP-1785850-A2,EP-0694879,2
EP-1785850-A2,EP-0972273,2
EP-1785850-A2,WO-1998045815,2
EP-1788013-A1,EP-1144491,2
EP-1788013-A1,EP-1182225,2
EP-1788013-A1,WO-2000037546,2
EP-1790258-A1,EP-0681442,2
EP-1790258-A1,EP-0734214,2
EP-1790258-A1,EP-1059907,2
EP-1790258-A1,WO-1995002980,2
EP-1790258-A1,WO-1996011618,2
EP-1790258-A1,WO-1999044558,2
EP-1791174-A2,EP-0955671,1
EP-1791174-A2,EP-1087041,1
EP-1791174-A2,EP-1156531,2
EP-1793016-A1,EP-0505606,2
EP-1793016-A1,WO-1993008317,2
EP-1793016-A1,WO-2001006555,1
EP-1795072-A2,EP-0095242,2
EP-1795072-A2,EP-0287787,1
EP-1795072-A2,EP-0328466,2
EP-1795072-A2,EP-0351195,1
EP-1795072-A2,EP-0453899,1
EP-1795179-A1,EP-1233744,2
EP-1795179-A1,EP-1242038,2
EP-1795179-A1,WO-2001034104,2
EP-1795179-A1,WO-2001047475,2
EP-1795225-A1,EP-0484483,2
EP-1795225-A1,EP-0732124,2
EP-1795225-A1,EP-1172126,1
EP-1795225-A1,EP-1177815,1
EP-1795225-A1,WO-1996025978,2
EP-1796373-A1,EP-1128661,2
EP-1796373-A1,WO-2002011426,2
EP-1801534-A1,EP-0506536,2
EP-1801534-A1,EP-0525442,1
EP-1801534-A1,EP-0642026,2
EP-1801534-A1,EP-0834717,2
EP-1803656-A1,EP-1068065,2
EP-1803656-A1,WO-1999050050,2
EP-1813222-A1,EP-1359857,2
EP-1813222-A1,EP-1359858,2
EP-1813222-A1,EP-1359859,2
EP-1813222-A1,WO-2002064048,2
EP-1813222-A1,WO-2002064049,2
EP-1813222-A1,WO-2002065939,2
EP-1814361-A1,EP-0959645,1
EP-1814361-A1,EP-1006754,2
EP-1814361-A1,EP-1030535,1
EP-1814361-A1,WO-1996027271,2
EP-1815991-A2,EP-0600743,2
EP-1815991-A2,EP-0695638,2
EP-1815991-A2,EP-1031422,2
EP-1815991-A2,EP-1083048,2
EP-1818315-A1,EP-0048148,1
EP-1818315-A1,EP-0048675,2
EP-1818315-A1,EP-0249172,2
EP-1818315-A1,EP-0998430,2
EP-1818315-A1,WO-1999038812,2
EP-1827019-A1,EP-1067720,2
EP-1827019-A1,EP-1301037,2
EP-1827019-A1,EP-1371205,2
EP-1827019-A1,WO-2001003341,2
EP-1827019-A1,WO-2002062054,2
EP-1827019-A1,WO-2002063850,2
EP-1827019-A1,WO-2002069567,2
EP-1827019-A1,WO-2002096024,2
EP-1832717-A1,EP-0606475,2
EP-1832717-A1,EP-0719907,2
EP-1832717-A1,EP-0723625,2
EP-1832717-A1,WO-1995010692,2
EP-1840058-A1,EP-0972733,2
EP-1857516-A1,EP-1124680,2
EP-1857516-A1,EP-1194495,2
EP-1857516-A1,WO-2000020201,2
EP-1857516-A1,WO-2000078883,2
EP-1865348-A2,EP-1111414,1
EP-1865348-A2,EP-1202087,2
EP-1865348-A2,EP-1219986,1
EP-1870899-A2,EP-0898279,2
EP-1870899-A2,EP-1052644,2
EP-1870899-A2,EP-1198132,2
EP-1870899-A2,EP-1286544,2
EP-1880757-A1,EP-0339251,2
EP-1880757-A1,EP-1097745,2
EP-1880757-A1,EP-1166864,2
EP-1880757-A1,WO-2002002219,2
EP-1882871-A1,EP-0273874,1
EP-1882871-A1,EP-0449270,1
EP-1882871-A1,EP-0877877,2
EP-1882871-A1,WO-1997029305,2
EP-1887142-A1,EP-0568456,1
EP-1887142-A1,WO-2001007718,2
EP-1887381-A1,EP-0125061,2
EP-1887381-A1,WO-2001088550,1
EP-1889971-A1,EP-0560753,2
EP-1890127-A2,EP-0849582,1
EP-1890127-A2,WO-2000038838,2
EP-1890127-A2,WO-2001042796,2
EP-1892353-A1,EP-0863317,1
EP-1892353-A1,EP-1392936,2
EP-1892353-A1,WO-2002046546,2
EP-1901326-A1,EP-0492038,1
EP-1901326-A1,EP-0735559,2
EP-1901326-A1,EP-0859393,1
EP-1901586-A1,EP-0184140,2
EP-1901586-A1,EP-0340726,2
EP-1911561-A1,EP-0385175,1
EP-1911561-A1,EP-0569859,2
EP-1911561-A1,EP-0614743,1
EP-1912385-A1,EP-1163810,1
EP-1912385-A1,EP-1168730,1
EP-1912385-A1,EP-1176766,2
EP-1912385-A1,WO-2001017291,1
EP-1912385-A1,WO-2001050792,1
EP-1918011-A1,EP-0774099,1
EP-1918011-A1,EP-1069286,2
EP-1918011-A1,WO-1996004509,1
EP-1918103-A1,EP-0265803,1
EP-1918103-A1,EP-0425913,2
EP-1918103-A1,EP-0812683,1
EP-1918103-A1,EP-1157834,1
EP-1923452-A1,EP-0616634,2
EP-1923452-A1,WO-1993012204,2
EP-1923598-A1,EP-0262296,1
EP-1923598-A1,EP-0331951,2
EP-1925488-A2,EP-0907545,2
EP-1925488-A2,WO-1997049599,2
EP-1932653-A1,EP-0414214,1
EP-1932653-A1,EP-0662391,2
EP-1932653-A1,EP-1027206,1
EP-1932653-A1,EP-1125728,1
EP-1932653-A1,WO-1999021697,1
EP-1935664-A1,EP-0372837,1
EP-1935664-A1,WO-1983002081,2
